quarter,bank_name,bank_id,total_assets,total_deposits,net_income,non_performing_assets,tier1_capital_ratio
Q1 2020,JPMorgan Chase,100000,26668088760.94,19598283952.99,47634104.05,652844734.39,9.33
Q1 2020,Bank of America,100001,46134807450.01,37357018151.6,90721313.68,447619815.42,11.26
Q1 2020,Wells Fargo,100002,297991021701.48,225209088999.08,1094524788.7,8251003131.08,14.53
Q1 2020,Citibank,100003,9422716794.02,7869703069.22,37495557.49,428886306.96,9.26
Q1 2020,U.S. Bancorp,100004,1330234145.1,1126300221.66,3638336.18,10466284.97,10.81
Q1 2020,Truist Financial,100005,1194096661.08,848661988.95,4310755.59,10882440.4,10.9
Q1 2020,PNC Financial,100006,43088117504.93,30250104303.15,73171159.41,2093862736.07,13.27
Q1 2020,Goldman Sachs,100007,1213117422.57,851312516.42,-2833209.52,46783867.52,12.31
Q1 2020,Morgan Stanley,100008,6318246997.5,4477160180.2,20668335.26,244565632.47,8.62
Q1 2020,TD Bank,100009,102559819193.97,76970628098.81,323295719.86,937869007.48,10.09
Q1 2020,Capital One,100010,112847866698.86,87137823475.84,367944582.65,1743022550.07,8.91
Q1 2020,Charles Schwab,100011,38588873882.94,28446552934.92,83030926.4,847149904.19,10.96
Q1 2020,HSBC North America,100012,687796138932.11,495453781163.74,3289771466.05,33843500022.57,16.51
Q1 2020,American Express,100013,4100928422.85,3211295551.0,10066177.86,114549145.88,8.99
Q1 2020,Ally Financial,100014,45950131282.01,36961603740.12,176742969.92,1422620355.94,13.31
Q1 2020,Citizens Financial,100015,7392058794.65,6203455269.55,17991845.19,98925993.61,8.22
Q1 2020,Fifth Third Bank,100016,1034571676.57,823734579.56,3582517.61,30136905.76,12.11
Q1 2020,KeyBank,100017,34830692173.09,28409850662.14,107557918.91,631141684.48,14.53
Q1 2020,Huntington Bancshares,100018,1367075251.58,1155725788.25,4537371.41,18048325.44,14.59
Q1 2020,Regions Financial,100019,118891459197.99,92369576506.41,392978135.41,1719433751.67,8.12
Q1 2020,M&T Bank,100020,1125677580981.29,816374034058.24,2996346026.72,38036582276.31,10.94
Q1 2020,Discover Financial,100021,34349610637.79,27764784021.4,91510859.73,901346324.54,11.24
Q1 2020,Synchrony Financial,100022,4614924169.96,3347451732.67,5604095.48,172044265.85,11.51
Q1 2020,BMO Harris,100023,119248132762.69,89776198658.13,364682023.91,931953398.38,13.75
Q1 2020,Northern Trust,100024,226480342630.19,184644780208.26,308677320.33,6225060435.88,13.59
Q1 2020,Comerica,100025,128711457647.17,90436129257.69,476097626.01,4854308416.0,16.65
Q1 2020,Zions Bancorporation,100026,26043319373.78,18548905725.79,55911838.13,480936767.97,16.07
Q1 2020,Webster Bank,100027,19921992367.71,16430770455.15,24981504.78,517908075.66,10.43
Q1 2020,East West Bancorp,100028,102582944855.63,85453876365.85,362127693.34,4736203167.27,9.74
Q1 2020,Valley National Bank,100029,6667462778.43,5073226908.16,26606029.72,325105156.57,15.86
Q2 2020,JPMorgan Chase,100000,26386973412.2,21814139812.11,85141286.69,906769871.02,12.42
Q2 2020,Bank of America,100001,43879949799.48,33785826386.05,123003587.5,493920505.9,9.17
Q2 2020,Wells Fargo,100002,303758420553.52,230373198270.93,1254041318.5,4600482209.93,10.69
Q2 2020,Citibank,100003,10000090037.69,7043064000.08,19177186.79,186351638.7,10.83
Q2 2020,U.S. Bancorp,100004,1274960981.54,950549276.14,3119551.59,41492948.1,10.8
Q2 2020,Truist Financial,100005,1245276993.34,969562013.58,3175988.3,55001603.06,14.37
Q2 2020,PNC Financial,100006,42697782828.25,33869010411.71,-18725783.9,568080633.72,11.6
Q2 2020,Goldman Sachs,100007,1207334865.07,911066711.09,3545075.11,55351442.66,15.25
Q2 2020,Morgan Stanley,100008,6167615121.51,4946464881.35,15036909.89,96923135.39,9.52
Q2 2020,TD Bank,100009,106515118480.05,90365007956.5,418546770.38,4768563256.98,9.02
Q2 2020,Capital One,100010,105695662960.67,88565151992.19,152544608.2,960347388.42,17.04
Q2 2020,Charles Schwab,100011,39818842574.68,29625722246.14,101170045.91,269380330.66,17.96
Q2 2020,HSBC North America,100012,706375360045.35,500178815420.38,1538755070.34,24345812417.09,9.5
Q2 2020,American Express,100013,4050351585.4,3081497149.61,6979462.88,87259791.1,8.21
Q2 2020,Ally Financial,100014,47220280868.31,38312950824.05,114954834.33,1144435054.82,16.22
Q2 2020,Citizens Financial,100015,7604502506.53,5409657646.32,9490696.58,299256065.23,13.02
Q2 2020,Fifth Third Bank,100016,1013978410.14,740854687.88,1664615.04,12510644.0,14.04
Q2 2020,KeyBank,100017,33869129517.82,27802430173.5,62612440.03,698129474.61,12.94
Q2 2020,Huntington Bancshares,100018,1367809195.3,1011245133.6,4518041.74,16607529.33,13.89
Q2 2020,Regions Financial,100019,116795964534.66,89347423790.07,207644753.69,3510014249.36,8.39
Q2 2020,M&T Bank,100020,1094569666860.72,800500180283.58,2955783795.35,21461950512.83,8.45
Q2 2020,Discover Financial,100021,32127249636.88,26876937573.36,105801056.7,476874979.53,14.55
Q2 2020,Synchrony Financial,100022,4806044743.63,4030609347.14,11701938.49,85106179.01,16.93
Q2 2020,BMO Harris,100023,117676254336.55,98846338867.41,362083504.98,5285566157.89,9.88
Q2 2020,Northern Trust,100024,239527984943.3,195484931373.46,1002366299.45,8457497682.23,15.58
Q2 2020,Comerica,100025,129208296282.09,91554711583.44,318035825.99,4710660645.81,10.18
Q2 2020,Zions Bancorporation,100026,25326008021.73,20228372169.24,81853386.32,459891892.88,9.95
Q2 2020,Webster Bank,100027,20699873049.2,14629512337.08,68973718.89,228683561.95,17.33
Q2 2020,East West Bancorp,100028,100786327560.33,81300880143.01,575331928.42,1528099071.51,14.14
Q2 2020,Valley National Bank,100029,6781134302.06,5348032913.75,-51875.82,190752421.78,13.71
Q3 2020,JPMorgan Chase,100000,26204827495.1,18568125640.07,42181024.1,307409957.44,15.24
Q3 2020,Bank of America,100001,45818616816.18,33742128764.21,206686974.04,406579762.04,11.02
Q3 2020,Wells Fargo,100002,305081174297.82,227738026922.29,551598818.75,14359740352.17,14.55
Q3 2020,Citibank,100003,9447854998.77,7743965105.46,20006295.25,174247367.91,17.35
Q3 2020,U.S. Bancorp,100004,1307577020.32,1043020049.93,2788401.07,48516443.45,8.51
Q3 2020,Truist Financial,100005,1148487622.28,878718787.18,1858619.8,19366959.61,12.9
Q3 2020,PNC Financial,100006,42553837326.66,33973003738.24,218134594.82,1241850539.77,14.26
Q3 2020,Goldman Sachs,100007,1230052904.94,998583245.48,4384766.6,53324721.04,15.35
Q3 2020,Morgan Stanley,100008,6188472484.27,4572498795.43,13450523.27,187686212.3,14.69
Q3 2020,TD Bank,100009,104902685756.4,87487544665.15,167712921.87,4583926470.27,14.31
Q3 2020,Capital One,100010,113254217349.92,88951061106.04,478288607.18,4109784197.0,17.08
Q3 2020,Charles Schwab,100011,38975283361.17,30213605933.32,105037157.19,1029444674.78,13.79
Q3 2020,HSBC North America,100012,683561988443.2,485201146989.71,2384092678.74,32331633780.89,12.38
Q3 2020,American Express,100013,4019011164.99,3257558584.68,11488949.13,39458769.48,17.24
Q3 2020,Ally Financial,100014,45990176344.16,36992614355.26,172577536.88,429353353.06,17.22
Q3 2020,Citizens Financial,100015,7606462751.94,6032486602.88,19936254.72,97743234.48,9.51
Q3 2020,Fifth Third Bank,100016,987933641.21,709049325.64,3832374.21,35942011.8,13.06
Q3 2020,KeyBank,100017,34753561136.82,27414667549.7,127363982.79,409285455.59,10.95
Q3 2020,Huntington Bancshares,100018,1361658092.9,1109783072.23,2479829.13,35294748.23,11.82
Q3 2020,Regions Financial,100019,119360195415.42,86119568220.77,347055768.22,851608058.21,9.83
Q3 2020,M&T Bank,100020,1137882597140.94,945344194116.85,3586880226.18,12999080398.1,9.76
Q3 2020,Discover Financial,100021,32472292721.88,24719952258.26,184288422.87,1165531930.71,11.47
Q3 2020,Synchrony Financial,100022,4896456324.77,3676232237.46,10550885.7,58327605.56,8.08
Q3 2020,BMO Harris,100023,123270939479.79,101489204572.32,370319296.75,3435940906.73,10.54
Q3 2020,Northern Trust,100024,228394583157.52,174514685720.29,314943144.23,8314993977.38,13.77
Q3 2020,Comerica,100025,134284755387.46,97670284413.04,1670647473.47,5064577213.85,13.25
Q3 2020,Zions Bancorporation,100026,25307104528.48,21060952688.88,101862205.81,316335101.51,12.63
Q3 2020,Webster Bank,100027,20692724907.87,16352788113.39,72253128.89,955011440.4,10.64
Q3 2020,East West Bancorp,100028,102324576524.05,76526720902.06,336361148.92,3177751516.89,11.56
Q3 2020,Valley National Bank,100029,7006458952.02,5538054160.2,32861006.81,99002359.22,11.43
Q4 2020,JPMorgan Chase,100000,26254788974.04,21908902607.04,54875063.95,1197751811.41,14.25
Q4 2020,Bank of America,100001,43233436107.26,34903623587.55,64910844.5,1350646645.4,10.35
Q4 2020,Wells Fargo,100002,307185737015.17,252038324158.38,219926462.18,2178898499.12,16.54
Q4 2020,Citibank,100003,9845090772.9,7265375265.67,30558066.06,135655858.69,14.98
Q4 2020,U.S. Bancorp,100004,1267965131.67,1063528007.66,5116963.36,55638280.15,16.0
Q4 2020,Truist Financial,100005,1184045411.5,904945078.82,-4090274.12,56311049.55,9.55
Q4 2020,PNC Financial,100006,42453901318.61,30376883651.36,144978430.46,669425525.73,14.87
Q4 2020,Goldman Sachs,100007,1239850157.05,936504144.79,3734298.19,18160779.76,12.83
Q4 2020,Morgan Stanley,100008,6232602830.12,5197658450.76,14440033.37,168096372.61,9.52
Q4 2020,TD Bank,100009,105818467351.69,83487861618.02,247170011.45,4458499442.14,15.82
Q4 2020,Capital One,100010,114210342568.42,89300155269.2,487230112.98,3127660754.96,11.34
Q4 2020,Charles Schwab,100011,38802327708.81,29333394428.81,102926707.73,1919696311.39,10.85
Q4 2020,HSBC North America,100012,670202074607.84,472064091703.32,1648805536.08,22862518993.58,11.79
Q4 2020,American Express,100013,3934363353.56,2913461613.04,17331796.4,193221769.03,9.07
Q4 2020,Ally Financial,100014,45039897468.75,37806462003.28,165725826.28,640356111.04,11.37
Q4 2020,Citizens Financial,100015,6839190623.45,5795751403.85,11840093.95,223110529.33,16.31
Q4 2020,Fifth Third Bank,100016,1069352326.29,784689751.94,2228754.77,39525820.7,15.81
Q4 2020,KeyBank,100017,33562872060.05,28190038023.4,98075357.12,1221700717.3,8.04
Q4 2020,Huntington Bancshares,100018,1411403718.7,1182595363.51,4625024.76,24384527.34,10.53
Q4 2020,Regions Financial,100019,120467537711.13,94848803575.97,283174736.9,3805694618.02,14.94
Q4 2020,M&T Bank,100020,1153656985219.59,956814413217.57,2583409972.76,42994043007.67,14.99
Q4 2020,Discover Financial,100021,32757361847.12,23919837733.79,104083538.14,762927016.5,15.51
Q4 2020,Synchrony Financial,100022,4946860699.35,3563031953.83,20628031.24,58005648.33,11.17
Q4 2020,BMO Harris,100023,128054219897.54,94106409772.82,344569441.69,5972665716.23,9.49
Q4 2020,Northern Trust,100024,235923438034.32,175522399537.59,645507931.13,2286727914.42,8.75
Q4 2020,Comerica,100025,124677759504.03,100517113474.13,326516203.77,2986622469.24,10.12
Q4 2020,Zions Bancorporation,100026,24854922116.03,20978101140.29,-141351017.13,540392653.64,14.95
Q4 2020,Webster Bank,100027,21082673715.8,16133862930.78,67792484.24,300387100.13,8.63
Q4 2020,East West Bancorp,100028,102081502582.46,81563809724.45,346569953.15,3779032100.12,8.31
Q4 2020,Valley National Bank,100029,6721517940.79,4989092421.67,27336844.82,229988164.04,17.55
Q1 2021,JPMorgan Chase,100000,25326160307.59,18668836147.65,73587480.43,789386804.08,11.97
Q1 2021,Bank of America,100001,45448073667.69,33048697597.3,148147393.45,866697048.95,15.23
Q1 2021,Wells Fargo,100002,294307164103.31,212669005841.47,497792609.88,11832115366.95,8.23
Q1 2021,Citibank,100003,9482127702.01,6912561499.71,38887149.38,267390391.57,13.16
Q1 2021,U.S. Bancorp,100004,1365716802.13,1100588357.92,4354454.85,9395546.18,10.19
Q1 2021,Truist Financial,100005,1190755311.06,986731658.23,4967153.07,51568694.15,12.85
Q1 2021,PNC Financial,100006,42947109249.62,35331543982.01,92290603.08,1300507926.51,10.68
Q1 2021,Goldman Sachs,100007,1221608322.38,1030199036.05,3846079.24,9167037.35,15.67
Q1 2021,Morgan Stanley,100008,6140804820.03,4970426172.83,13362336.58,282994535.07,15.68
Q1 2021,TD Bank,100009,104374633288.76,81908575080.98,122169297.81,2143261770.72,8.27
Q1 2021,Capital One,100010,111593209648.24,86576862541.63,298228179.3,2389505649.86,17.77
Q1 2021,Charles Schwab,100011,39571876581.98,32381379349.84,115372334.22,1475373780.2,16.54
Q1 2021,HSBC North America,100012,682036174349.8,534730464877.25,1752716320.54,5884770395.66,10.01
Q1 2021,American Express,100013,4262000197.98,3042311092.4,16002722.18,111062154.46,16.09
Q1 2021,Ally Financial,100014,44599663807.49,34869124144.66,260805125.18,1589974319.23,16.93
Q1 2021,Citizens Financial,100015,7328523323.98,5373373510.59,16263978.39,232583490.04,13.2
Q1 2021,Fifth Third Bank,100016,989682430.29,774344938.04,3250177.0,6963491.8,9.12
Q1 2021,KeyBank,100017,34612107719.7,27036044716.15,136692955.62,1067534348.12,9.76
Q1 2021,Huntington Bancshares,100018,1327906852.44,983433114.24,4972149.7,49586586.08,17.21
Q1 2021,Regions Financial,100019,114025138068.31,96848171911.19,212413163.25,3034802560.75,13.59
Q1 2021,M&T Bank,100020,1167462122399.74,940685603427.13,3059326853.34,23644609131.74,16.86
Q1 2021,Discover Financial,100021,33546819045.11,26270268235.66,104453397.32,1032886572.29,17.67
Q1 2021,Synchrony Financial,100022,4873236651.87,3913569137.78,16704327.83,59754589.46,14.68
Q1 2021,BMO Harris,100023,123773393377.36,94604865131.37,256838663.17,5804691351.95,16.71
Q1 2021,Northern Trust,100024,230970668772.5,185133086660.52,777790505.17,11378879406.49,10.08
Q1 2021,Comerica,100025,126605357602.2,103146393614.62,503074214.32,5193630418.14,11.07
Q1 2021,Zions Bancorporation,100026,25577449680.41,19226633251.97,83737411.24,455771452.32,11.75
Q1 2021,Webster Bank,100027,19766150238.54,13855111291.46,55188122.07,561046879.12,9.59
Q1 2021,East West Bancorp,100028,105830368465.48,76244540644.33,334331117.98,2650298824.36,12.89
Q1 2021,Valley National Bank,100029,6940845287.93,5842174695.38,18023571.9,278199601.86,9.87
Q2 2021,JPMorgan Chase,100000,27105992654.46,20764519022.34,100864290.93,1137677742.77,15.76
Q2 2021,Bank of America,100001,44355632868.16,35802782732.05,172070300.55,385396580.04,13.72
Q2 2021,Wells Fargo,100002,299206081645.7,217003489582.3,952745444.11,13897497042.94,15.33
Q2 2021,Citibank,100003,9503052093.26,7353675882.57,30677738.28,234514723.34,10.49
Q2 2021,U.S. Bancorp,100004,1353377895.55,1077590674.56,1377881.4,33997938.41,14.02
Q2 2021,Truist Financial,100005,1163982576.61,877699146.24,3027950.7,54645440.37,8.05
Q2 2021,PNC Financial,100006,40381201172.55,32707933883.75,171360631.33,340198838.08,11.21
Q2 2021,Goldman Sachs,100007,1174339452.11,971095828.39,2824667.91,10426909.9,15.15
Q2 2021,Morgan Stanley,100008,6341521301.63,4508314872.57,17437793.48,268865272.37,15.66
Q2 2021,TD Bank,100009,107669788923.63,84400970645.73,306812232.71,4956760758.08,17.89
Q2 2021,Capital One,100010,109774050354.78,88578384682.31,299667140.12,954920880.67,11.42
Q2 2021,Charles Schwab,100011,41166042302.64,30295394435.05,152226646.44,1857976580.55,17.9
Q2 2021,HSBC North America,100012,684060606275.94,526345897682.75,2211854715.56,6256377435.28,17.51
Q2 2021,American Express,100013,4287731386.47,3053424199.4,12094320.13,69461232.51,17.78
Q2 2021,Ally Financial,100014,47078652824.24,38009639736.66,89939507.51,1685979712.48,13.53
Q2 2021,Citizens Financial,100015,7019431543.46,5902470093.18,19177879.21,209965187.32,12.49
Q2 2021,Fifth Third Bank,100016,1055407811.57,863131433.55,3998065.81,26311844.75,16.58
Q2 2021,KeyBank,100017,34523167372.56,28514525529.05,157878084.34,317700163.56,14.61
Q2 2021,Huntington Bancshares,100018,1319675760.65,947363359.95,2719039.66,44469297.45,17.14
Q2 2021,Regions Financial,100019,118512378891.21,87449057172.31,159595770.48,4763334436.39,16.18
Q2 2021,M&T Bank,100020,1132593995638.64,830655504449.73,3344283555.87,53814274951.76,10.71
Q2 2021,Discover Financial,100021,32103193800.42,25666133504.56,121186116.6,1246787447.31,9.85
Q2 2021,Synchrony Financial,100022,4863009787.63,3736256221.16,21436067.9,85227384.32,9.92
Q2 2021,BMO Harris,100023,131103481049.22,91795734950.92,363067182.31,845558496.15,13.72
Q2 2021,Northern Trust,100024,232371755190.11,165718890817.46,646716702.51,9350960099.18,14.29
Q2 2021,Comerica,100025,131543364157.41,105427521946.74,661342248.83,3863422897.69,13.33
Q2 2021,Zions Bancorporation,100026,26746743337.52,21662186625.78,-208830210.96,1217343888.72,15.91
Q2 2021,Webster Bank,100027,19426495215.24,16269552280.02,40068656.5,311189931.08,14.5
Q2 2021,East West Bancorp,100028,102055509942.94,79905019389.66,390559451.23,4544787619.49,9.7
Q2 2021,Valley National Bank,100029,6812568064.11,5182753118.07,16939654.56,204972569.52,15.45
Q3 2021,JPMorgan Chase,100000,26977396010.13,21731319028.22,125225648.53,412587448.16,11.56
Q3 2021,Bank of America,100001,46832280589.06,38066306059.91,167896811.62,322409590.74,16.41
Q3 2021,Wells Fargo,100002,294827540825.85,217432988694.87,2683902758.09,12164734777.14,14.22
Q3 2021,Citibank,100003,9547562353.77,7159560268.45,16918089.89,217205402.96,17.14
Q3 2021,U.S. Bancorp,100004,1298687539.65,1039760444.78,4274575.19,29178257.57,15.58
Q3 2021,Truist Financial,100005,1136020582.68,950497490.54,4436005.38,47321338.44,13.88
Q3 2021,PNC Financial,100006,43809373009.79,32410786456.97,-86136353.75,438115716.37,16.66
Q3 2021,Goldman Sachs,100007,1223580173.45,1036926036.45,4049791.83,44852232.61,15.3
Q3 2021,Morgan Stanley,100008,6463435696.17,5056665289.0,26417983.06,199709977.94,12.49
Q3 2021,TD Bank,100009,102777655876.15,79412888738.33,274241979.74,1409612097.37,12.2
Q3 2021,Capital One,100010,112383761110.23,80780252848.59,333694700.68,1594530114.24,9.71
Q3 2021,Charles Schwab,100011,39549483544.63,29399771396.38,167663887.3,1306083634.82,17.12
Q3 2021,HSBC North America,100012,664256060830.74,506313103504.53,1872920044.89,14487100060.86,14.6
Q3 2021,American Express,100013,3885324549.01,2774911790.91,13409206.27,120984531.26,12.19
Q3 2021,Ally Financial,100014,45443658499.47,36835991244.39,89842131.77,2072255782.97,8.83
Q3 2021,Citizens Financial,100015,6913252785.55,5863589124.98,15295359.89,338850524.27,11.4
Q3 2021,Fifth Third Bank,100016,1019162442.77,849914934.14,3347918.22,22918486.54,9.03
Q3 2021,KeyBank,100017,35283424489.47,29664124160.42,124881189.14,855957974.82,16.27
Q3 2021,Huntington Bancshares,100018,1327174381.11,1074819370.61,4841627.13,7039575.5,9.16
Q3 2021,Regions Financial,100019,119385236782.25,95791930186.8,405156815.83,1633773762.65,10.43
Q3 2021,M&T Bank,100020,1122405133665.15,944572079719.98,688188740.83,30072969034.06,16.27
Q3 2021,Discover Financial,100021,32465134483.24,26723165267.55,125702518.87,673791833.0,11.99
Q3 2021,Synchrony Financial,100022,4989447065.85,3728909139.37,8800205.81,66158273.65,15.96
Q3 2021,BMO Harris,100023,119712894937.2,95666853310.0,101013434.13,2925717044.91,14.83
Q3 2021,Northern Trust,100024,220373133630.4,158401378023.25,814243775.18,9232323503.55,15.04
Q3 2021,Comerica,100025,127814766338.5,98423658764.49,345142582.73,5162013763.91,15.97
Q3 2021,Zions Bancorporation,100026,25031065311.7,18184013146.23,59735292.78,152716621.21,8.5
Q3 2021,Webster Bank,100027,20905637084.1,14838960383.12,19983364.09,1023715728.79,15.86
Q3 2021,East West Bancorp,100028,101461329335.64,80855778355.3,427910997.15,1831600146.36,17.22
Q3 2021,Valley National Bank,100029,6815672000.38,5427372164.77,22917774.31,163192868.36,10.85
Q4 2021,JPMorgan Chase,100000,27425006923.4,21040699390.75,71898961.6,986005271.42,16.45
Q4 2021,Bank of America,100001,46597246198.68,38769890569.73,67559289.06,424373523.45,17.96
Q4 2021,Wells Fargo,100002,299810129292.86,246902938701.75,547200894.95,12598833544.47,11.79
Q4 2021,Citibank,100003,9658519802.25,7751096016.22,25623646.64,182785715.76,10.41
Q4 2021,U.S. Bancorp,100004,1335557246.81,1115303288.16,2272585.49,18907721.05,8.57
Q4 2021,Truist Financial,100005,1169081622.26,879471228.42,5379857.03,34808018.18,17.63
Q4 2021,PNC Financial,100006,42830007807.8,32741830805.77,130673774.98,1310047270.02,8.99
Q4 2021,Goldman Sachs,100007,1196334398.03,915579304.2,5489987.29,26358653.55,8.95
Q4 2021,Morgan Stanley,100008,6257295385.14,5255273425.52,11220401.39,102664941.38,12.5
Q4 2021,TD Bank,100009,107980874285.91,82926208119.38,382634146.9,1701867676.88,17.04
Q4 2021,Capital One,100010,110886577310.33,94171813028.29,330998737.77,1889742618.84,12.82
Q4 2021,Charles Schwab,100011,39681090644.86,32806319638.31,126825271.42,1498484944.04,9.77
Q4 2021,HSBC North America,100012,735511869177.2,568527020896.39,2096925073.02,9306642364.26,14.73
Q4 2021,American Express,100013,4115042046.55,3432320219.45,4490939.38,40545520.79,9.8
Q4 2021,Ally Financial,100014,45380624680.08,37795698647.01,164978275.43,2167054401.16,17.81
Q4 2021,Citizens Financial,100015,7106566529.27,5973512222.8,23389554.19,39724990.77,12.64
Q4 2021,Fifth Third Bank,100016,1038582743.18,817665163.84,2386626.6,10534038.43,14.36
Q4 2021,KeyBank,100017,34219424839.67,28552455141.73,144973465.26,1587696634.63,17.22
Q4 2021,Huntington Bancshares,100018,1313949181.07,985915675.39,3588488.74,16514975.4,16.04
Q4 2021,Regions Financial,100019,117436782014.93,82353841840.87,329093468.29,3192171093.47,13.12
Q4 2021,M&T Bank,100020,1124906490148.92,802780834471.14,4615838904.99,29914067950.7,11.94
Q4 2021,Discover Financial,100021,31127008410.08,24353408532.28,85553585.74,988197346.25,12.29
Q4 2021,Synchrony Financial,100022,5007299794.2,4222500488.06,-19723550.04,25685540.86,16.13
Q4 2021,BMO Harris,100023,125305394516.71,99621128067.1,405621987.91,4783440936.32,8.54
Q4 2021,Northern Trust,100024,236621915118.23,199557496351.24,138100341.05,10777501861.8,9.94
Q4 2021,Comerica,100025,131778474271.85,98763618712.25,-961479748.1,708392432.33,11.01
Q4 2021,Zions Bancorporation,100026,25879214489.38,19728250277.0,27296288.09,753263254.46,10.94
Q4 2021,Webster Bank,100027,20913730518.83,15386720622.11,55118907.75,656781867.94,8.6
Q4 2021,East West Bancorp,100028,99208676277.81,76488874802.11,166518849.75,3980837833.96,17.79
Q4 2021,Valley National Bank,100029,6921072523.69,5677353980.75,15536778.95,304457401.18,9.56
Q1 2022,JPMorgan Chase,100000,25909397577.65,18986615377.41,57567499.06,877184424.82,14.44
Q1 2022,Bank of America,100001,47219443437.0,33566221209.41,121625558.87,1719425626.27,11.99
Q1 2022,Wells Fargo,100002,310168235571.26,252868159429.85,1204813255.58,14593758204.39,17.71
Q1 2022,Citibank,100003,9709466258.15,7972301303.52,26152668.46,92386107.86,13.93
Q1 2022,U.S. Bancorp,100004,1281035269.57,902164654.91,4500525.9,63954669.79,11.37
Q1 2022,Truist Financial,100005,1143414027.7,966227453.23,4405970.78,28316895.87,16.29
Q1 2022,PNC Financial,100006,40733042350.67,30090197216.44,45386929.87,1042543730.61,15.17
Q1 2022,Goldman Sachs,100007,1183327313.22,904081817.93,2943358.19,11325777.03,10.78
Q1 2022,Morgan Stanley,100008,6375829734.05,5206765483.68,14042854.66,256703983.76,13.73
Q1 2022,TD Bank,100009,104545479893.73,81410082102.12,375993754.35,2615502523.53,15.76
Q1 2022,Capital One,100010,111298866915.16,91945417197.56,270093491.47,2454611940.28,10.06
Q1 2022,Charles Schwab,100011,40326282187.07,32136088610.47,114245361.41,1616008277.64,12.27
Q1 2022,HSBC North America,100012,702846900718.86,504886817788.07,2236817654.5,20699724326.34,14.61
Q1 2022,American Express,100013,4268745371.93,3137151773.86,12003920.03,80148090.38,16.75
Q1 2022,Ally Financial,100014,45228072945.91,36626219303.11,109156225.4,1669939053.89,16.11
Q1 2022,Citizens Financial,100015,7575389154.45,5559568988.43,18521626.73,78259600.68,9.0
Q1 2022,Fifth Third Bank,100016,1005093530.06,809705975.96,3085473.29,30767143.23,15.92
Q1 2022,KeyBank,100017,33887980420.28,25142565038.69,54780279.44,397710719.47,10.92
Q1 2022,Huntington Bancshares,100018,1307457630.26,942626017.55,-6275065.77,45077677.17,12.08
Q1 2022,Regions Financial,100019,122662329431.39,95371562434.03,467712674.88,4159733855.34,17.71
Q1 2022,M&T Bank,100020,1139530356169.54,847071801908.73,2242740897.64,15632829022.5,11.79
Q1 2022,Discover Financial,100021,33633253797.49,27885378178.61,12628652.06,1273339012.91,14.2
Q1 2022,Synchrony Financial,100022,4956112010.9,3917513316.46,17670898.0,239947977.99,13.35
Q1 2022,BMO Harris,100023,122465524462.81,99628728393.89,375377647.8,5788133369.89,9.08
Q1 2022,Northern Trust,100024,227858838524.23,166837966029.95,564376378.4,5384758613.56,14.29
Q1 2022,Comerica,100025,128355684877.89,100241370616.74,376197464.25,5406453511.08,15.03
Q1 2022,Zions Bancorporation,100026,25872151085.7,19065931315.38,54241340.89,1276393799.07,11.96
Q1 2022,Webster Bank,100027,20094890266.83,16517820253.19,34997858.09,472231137.37,8.25
Q1 2022,East West Bancorp,100028,103279619613.91,85368475372.84,525314876.02,2378249567.21,15.71
Q1 2022,Valley National Bank,100029,6749996717.59,5178023749.17,18791398.44,227022926.99,10.38
Q2 2022,JPMorgan Chase,100000,25703466374.07,18366636468.27,64180705.09,330881152.7,13.83
Q2 2022,Bank of America,100001,48598765749.03,37912483823.93,143189564.3,1617111098.18,8.82
Q2 2022,Wells Fargo,100002,307880359412.92,237278523568.98,1297529721.4,14733603529.39,17.0
Q2 2022,Citibank,100003,9602004727.84,7329683091.71,3926662.33,472645643.88,17.65
Q2 2022,U.S. Bancorp,100004,1296030228.48,1032946370.74,4333832.74,29771755.3,10.79
Q2 2022,Truist Financial,100005,1187156684.67,895811808.79,2603326.84,48296078.27,10.08
Q2 2022,PNC Financial,100006,42913008187.84,33383941679.08,83006808.73,1565940319.66,9.03
Q2 2022,Goldman Sachs,100007,1278353504.41,1078909618.52,4877056.06,54349695.67,15.59
Q2 2022,Morgan Stanley,100008,6429286679.55,5369790177.63,19352045.36,223376693.26,10.3
Q2 2022,TD Bank,100009,106261822880.55,75379588359.92,333047440.68,4672908121.48,9.43
Q2 2022,Capital One,100010,109771842861.55,83282517053.5,405383315.71,1903917950.3,15.47
Q2 2022,Charles Schwab,100011,40912259083.47,33976884160.47,136864278.77,312456655.67,10.0
Q2 2022,HSBC North America,100012,659924075706.52,521379303831.04,1707581605.17,24464582517.1,12.85
Q2 2022,American Express,100013,3867795074.72,2829208603.38,8857072.87,141791124.92,9.43
Q2 2022,Ally Financial,100014,45465925352.76,33645883873.81,95787136.2,1226464989.06,16.18
Q2 2022,Citizens Financial,100015,7702831473.98,6436484971.89,14535915.39,167737237.78,15.65
Q2 2022,Fifth Third Bank,100016,1047766722.97,747495289.48,2024721.85,23747303.77,16.86
Q2 2022,KeyBank,100017,34853555708.95,25659587366.12,200356206.49,992114436.68,11.23
Q2 2022,Huntington Bancshares,100018,1385404922.64,1098562074.24,5079176.55,35633337.46,9.84
Q2 2022,Regions Financial,100019,118673716725.95,89942967979.87,202953398.43,3154372637.11,8.75
Q2 2022,M&T Bank,100020,1150132733312.36,916983667395.16,2270502324.98,16696772733.85,11.17
Q2 2022,Discover Financial,100021,34872247679.78,25657479906.86,137144867.1,1591661884.52,8.66
Q2 2022,Synchrony Financial,100022,4845080651.82,3866831637.81,7686995.09,73539088.45,16.05
Q2 2022,BMO Harris,100023,124366039109.97,96727852183.48,437623930.83,1994547126.36,16.54
Q2 2022,Northern Trust,100024,230261677215.7,161699315548.86,551146755.23,1735576347.71,11.67
Q2 2022,Comerica,100025,127952390787.71,105197096072.72,341260513.02,3187769868.79,12.44
Q2 2022,Zions Bancorporation,100026,26790605528.95,21006066617.81,113631595.88,606795721.73,9.91
Q2 2022,Webster Bank,100027,20361795310.93,14591049732.38,48787784.12,309822567.83,17.12
Q2 2022,East West Bancorp,100028,103701958046.58,82110424171.87,384492458.82,4972358221.99,9.94
Q2 2022,Valley National Bank,100029,6811543377.28,5107866919.37,10585708.36,82347761.9,8.48
Q3 2022,JPMorgan Chase,100000,27363959552.03,19617517140.14,33882730.46,590233381.75,10.08
Q3 2022,Bank of America,100001,45744511166.32,34130234702.77,107227080.31,1247239106.0,12.5
Q3 2022,Wells Fargo,100002,312182643228.33,236505399645.46,566479874.58,13399262025.73,10.19
Q3 2022,Citibank,100003,9399512386.81,6808645596.5,38144448.88,239207955.77,12.01
Q3 2022,U.S. Bancorp,100004,1261505485.54,958818729.43,2022202.61,38951531.84,17.1
Q3 2022,Truist Financial,100005,1168092945.61,922142689.55,4662993.14,50781213.17,13.58
Q3 2022,PNC Financial,100006,42754397542.16,32649217871.14,95443289.57,1853705020.78,8.89
Q3 2022,Goldman Sachs,100007,1268829089.23,995160366.75,5271540.91,7956169.32,8.09
Q3 2022,Morgan Stanley,100008,6236436686.43,4815527717.16,21825797.39,119911447.43,16.91
Q3 2022,TD Bank,100009,102773866152.12,81017492725.81,477187342.5,3457351550.63,16.65
Q3 2022,Capital One,100010,108690888024.49,86027012382.41,514219970.77,2998762288.71,17.86
Q3 2022,Charles Schwab,100011,39809342174.09,31700906250.98,64534830.13,508849404.84,17.02
Q3 2022,HSBC North America,100012,667871454500.41,530724218106.94,6252307119.76,23866270780.21,8.04
Q3 2022,American Express,100013,4249758036.11,3405674438.28,12784501.58,189287710.12,16.22
Q3 2022,Ally Financial,100014,44646504107.94,35973565294.42,71303220.2,1335148763.46,13.08
Q3 2022,Citizens Financial,100015,7503645874.84,5697523540.49,24082465.59,372092414.24,14.4
Q3 2022,Fifth Third Bank,100016,1013067619.11,778581007.98,2627321.76,47985637.42,17.77
Q3 2022,KeyBank,100017,33498902831.99,28375670744.3,78053741.05,923568428.06,14.03
Q3 2022,Huntington Bancshares,100018,1350100049.34,982052394.24,2801578.49,45246869.4,10.84
Q3 2022,Regions Financial,100019,120994111515.87,91538065147.66,495116987.44,3551882095.95,8.12
Q3 2022,M&T Bank,100020,1125993268649.57,879654835947.42,3056437769.13,55512858109.1,14.37
Q3 2022,Discover Financial,100021,31758027624.29,26073763744.39,103672522.71,987523891.15,15.69
Q3 2022,Synchrony Financial,100022,5043952628.97,4113837239.64,10483997.17,71966242.91,17.88
Q3 2022,BMO Harris,100023,123894716773.13,98956472522.98,145311192.57,1988474307.14,12.48
Q3 2022,Northern Trust,100024,241443709632.63,186836037023.87,812246366.16,3322952585.48,10.68
Q3 2022,Comerica,100025,132041635331.21,103189164138.5,246429592.08,4044032812.19,16.6
Q3 2022,Zions Bancorporation,100026,25288949472.01,20090009251.87,-70002290.69,1219907848.85,11.75
Q3 2022,Webster Bank,100027,20304965049.77,15005261070.73,34759177.5,540232972.33,8.99
Q3 2022,East West Bancorp,100028,99200296706.68,70448279699.92,-295671487.95,1665270280.38,14.59
Q3 2022,Valley National Bank,100029,6681957695.99,5409056199.06,34110480.87,34716400.35,8.81
Q4 2022,JPMorgan Chase,100000,27406368399.28,21274994966.54,42602484.21,140772070.39,13.45
Q4 2022,Bank of America,100001,46690965474.66,38085131606.65,197858397.47,876858717.72,13.13
Q4 2022,Wells Fargo,100002,306066056014.52,253234204925.5,912061560.26,14814852222.03,17.16
Q4 2022,Citibank,100003,10329391848.99,8028034045.44,83727752.88,442327666.65,9.31
Q4 2022,U.S. Bancorp,100004,1326270624.59,1007885873.19,3414506.87,27680635.61,9.52
Q4 2022,Truist Financial,100005,1179963063.11,1002580233.24,6492077.78,14898614.85,14.06
Q4 2022,PNC Financial,100006,41083347806.59,29681450504.13,207082267.46,1848147519.24,16.69
Q4 2022,Goldman Sachs,100007,1239296447.84,997814092.05,2441843.68,11132492.12,13.75
Q4 2022,Morgan Stanley,100008,6595373232.87,5368353756.77,18588084.2,319591820.44,12.58
Q4 2022,TD Bank,100009,101562710453.81,83976106073.94,250402207.08,3093541282.81,12.66
Q4 2022,Capital One,100010,109499054665.09,92783833304.04,509539746.52,2389752921.79,17.52
Q4 2022,Charles Schwab,100011,38875979919.7,27578103009.65,7369550.21,1413007631.17,12.48
Q4 2022,HSBC North America,100012,683179712774.15,580255289153.34,1680547304.56,23345927583.21,9.58
Q4 2022,American Express,100013,4014738744.28,3009447766.8,12445247.0,198335985.41,17.33
Q4 2022,Ally Financial,100014,42699959180.57,32412541112.07,139118426.83,1989989058.66,14.42
Q4 2022,Citizens Financial,100015,7249242467.4,5511249674.34,41669087.45,354845105.58,13.09
Q4 2022,Fifth Third Bank,100016,1031852614.31,737815040.97,2012202.19,19099886.64,10.85
Q4 2022,KeyBank,100017,33582961991.78,27224381941.86,147101974.77,1022668355.19,16.82
Q4 2022,Huntington Bancshares,100018,1349998214.0,1017306439.57,4925907.5,25289080.43,11.46
Q4 2022,Regions Financial,100019,122642022958.33,98323847034.89,363327901.3,1368361731.72,16.55
Q4 2022,M&T Bank,100020,1120082729331.32,948817250030.84,10152411612.79,43164197866.62,15.46
Q4 2022,Discover Financial,100021,34315393897.25,25058931182.85,117187549.65,760973828.43,10.88
Q4 2022,Synchrony Financial,100022,5231036872.9,4265547837.37,27371342.0,260946529.5,8.86
Q4 2022,BMO Harris,100023,126195190630.59,92776098475.74,378124078.46,5511616096.0,16.91
Q4 2022,Northern Trust,100024,222957112601.5,187834682189.86,694667122.23,1387257127.65,8.05
Q4 2022,Comerica,100025,131768638130.15,93113964450.44,377401181.84,1135804083.7,11.33
Q4 2022,Zions Bancorporation,100026,25591733171.39,19568872186.34,91997202.15,967477427.95,15.6
Q4 2022,Webster Bank,100027,19860178513.56,14040257965.2,48732686.04,652374760.79,17.12
Q4 2022,East West Bancorp,100028,103480409875.58,84641084958.66,261096403.49,2334383045.34,13.71
Q4 2022,Valley National Bank,100029,6868941688.76,5751718253.21,25617809.64,63467986.38,17.65
Q1 2023,JPMorgan Chase,100000,25802678009.35,20143880771.37,63939844.08,811541069.64,16.48
Q1 2023,Bank of America,100001,45882898214.6,32614262033.59,249080769.59,1085353092.33,12.13
Q1 2023,Wells Fargo,100002,303312665065.64,249316977318.12,924202521.5,10821171104.63,9.18
Q1 2023,Citibank,100003,9872672040.71,7502977588.23,27583489.79,106806953.42,14.13
Q1 2023,U.S. Bancorp,100004,1359744139.1,1132565036.62,2157845.97,56193682.63,8.23
Q1 2023,Truist Financial,100005,1163790767.77,959208079.94,4137539.12,31560611.62,16.49
Q1 2023,PNC Financial,100006,43547158616.82,31813768632.39,118878879.07,1674353803.76,8.51
Q1 2023,Goldman Sachs,100007,1203356194.93,900280045.12,2647190.27,30635949.88,16.11
Q1 2023,Morgan Stanley,100008,6219123010.11,4393010088.58,14451746.7,263508044.2,8.71
Q1 2023,TD Bank,100009,100330256162.91,84841780458.87,331483173.28,3472857669.05,14.98
Q1 2023,Capital One,100010,110432075759.73,90991681886.15,135048433.29,4667310689.84,15.43
Q1 2023,Charles Schwab,100011,37701360960.99,30222342352.45,160371170.37,1011906276.78,16.9
Q1 2023,HSBC North America,100012,706715468527.78,515024193997.29,2131980947.16,24865878634.11,17.21
Q1 2023,American Express,100013,4368815099.67,3255989425.06,17808118.14,107468030.87,10.2
Q1 2023,Ally Financial,100014,46836834811.3,37335374880.36,106980259.95,824176381.54,10.85
Q1 2023,Citizens Financial,100015,7448429065.67,5317021566.32,26615961.33,241502048.4,10.53
Q1 2023,Fifth Third Bank,100016,1070666398.08,892768083.64,3548801.53,7918691.21,12.71
Q1 2023,KeyBank,100017,33428345299.33,24828981335.83,59973608.57,1532779055.66,8.52
Q1 2023,Huntington Bancshares,100018,1347153273.04,1011473077.34,7348062.09,9796577.04,16.09
Q1 2023,Regions Financial,100019,120715868576.53,99950759375.47,155122189.9,2485044502.81,12.61
Q1 2023,M&T Bank,100020,1092014962767.7,818821540578.76,4575241986.8,5739091816.96,11.11
Q1 2023,Discover Financial,100021,33864544015.04,24836839049.72,97698834.14,1197656946.86,9.94
Q1 2023,Synchrony Financial,100022,4873608425.37,3777743593.0,17616592.31,186867615.12,11.39
Q1 2023,BMO Harris,100023,119487795859.05,92542681711.86,278225437.8,4874341292.12,14.85
Q1 2023,Northern Trust,100024,242876740808.99,177922155617.52,884954561.64,6837077083.4,12.55
Q1 2023,Comerica,100025,133630771923.93,94123820024.44,209285565.57,2245561215.29,9.82
Q1 2023,Zions Bancorporation,100026,26033903524.51,19533452257.16,38675037.9,358986480.18,15.85
Q1 2023,Webster Bank,100027,20543520552.13,14730999020.65,71621291.11,963009289.78,12.67
Q1 2023,East West Bancorp,100028,101662610659.86,76593479372.74,205668175.8,3528993471.51,17.24
Q1 2023,Valley National Bank,100029,6619248217.77,5148161989.1,18300483.97,71902836.86,10.48
Q2 2023,JPMorgan Chase,100000,26374043504.36,20148665983.02,26294785.58,911781907.36,17.34
Q2 2023,Bank of America,100001,47670706779.23,33736477361.64,73682471.25,813645689.57,16.4
Q2 2023,Wells Fargo,100002,305615158558.77,240096386836.17,596276128.69,12272742646.07,12.43
Q2 2023,Citibank,100003,9752034466.82,7945588517.99,39123455.7,487202719.88,16.9
Q2 2023,U.S. Bancorp,100004,1342290233.79,1065980771.78,4009898.56,22960407.03,9.63
Q2 2023,Truist Financial,100005,1179084679.6,949610648.54,2399142.93,42419515.51,10.89
Q2 2023,PNC Financial,100006,43414152604.95,30704217191.99,82863889.03,1817427287.03,15.37
Q2 2023,Goldman Sachs,100007,1182497226.41,893171459.73,4394796.44,22117577.59,17.31
Q2 2023,Morgan Stanley,100008,6603117669.13,5148480831.26,24437129.71,229831480.79,14.66
Q2 2023,TD Bank,100009,103682312729.22,75853270456.27,172321374.82,2922080678.65,14.23
Q2 2023,Capital One,100010,111331206113.61,78382100690.95,663026522.4,3854148544.59,15.02
Q2 2023,Charles Schwab,100011,38791109329.17,31677335537.32,42070665.96,1797799764.65,12.38
Q2 2023,HSBC North America,100012,681618193476.62,539047503534.16,1708730410.84,14692314949.33,17.26
Q2 2023,American Express,100013,3983175412.38,3082676835.3,13177703.4,155965317.7,8.09
Q2 2023,Ally Financial,100014,44702356068.63,37383379023.26,225521615.52,1742895876.31,16.88
Q2 2023,Citizens Financial,100015,7156918491.99,5334941489.65,25276320.97,79291929.69,16.16
Q2 2023,Fifth Third Bank,100016,1031796478.84,738753939.59,3146090.8,45864943.91,12.9
Q2 2023,KeyBank,100017,32756494954.77,24984759533.94,40870601.97,1348755130.24,12.11
Q2 2023,Huntington Bancshares,100018,1324588455.17,962754541.65,2798139.87,34547615.57,16.04
Q2 2023,Regions Financial,100019,117832007461.68,92530569252.21,254156610.26,4753590630.15,10.66
Q2 2023,M&T Bank,100020,1140773648979.74,896672092714.43,3984129124.12,8839931033.62,18.0
Q2 2023,Discover Financial,100021,34040562993.93,24621202197.22,42878291.58,738490179.33,13.94
Q2 2023,Synchrony Financial,100022,5038549818.9,3904862915.87,14916595.55,58966461.42,9.93
Q2 2023,BMO Harris,100023,127221764959.28,105128383293.39,320665009.66,2740241031.8,9.01
Q2 2023,Northern Trust,100024,220245100500.61,186192532463.36,818136563.69,2883153023.96,11.74
Q2 2023,Comerica,100025,129244147206.47,101973942206.69,449694311.66,6392519187.24,15.05
Q2 2023,Zions Bancorporation,100026,24467653986.51,20067433263.28,65032994.29,1192199775.51,14.59
Q2 2023,Webster Bank,100027,20125142146.8,15697963404.75,60952999.22,105151837.12,9.51
Q2 2023,East West Bancorp,100028,102879519565.51,82742876066.44,353170958.34,1888575220.98,13.44
Q2 2023,Valley National Bank,100029,6693573621.32,5395113401.8,24175589.86,324329830.91,12.03
Q3 2023,JPMorgan Chase,100000,27136159376.17,19323288609.9,88099344.44,367739761.77,10.72
Q3 2023,Bank of America,100001,44919958380.42,34322150946.56,126711814.27,1699766983.44,13.23
Q3 2023,Wells Fargo,100002,297368764352.13,213116898808.71,522094077.37,12812342303.41,8.8
Q3 2023,Citibank,100003,9454939224.34,6903173801.91,21507603.11,274598680.03,16.13
Q3 2023,U.S. Bancorp,100004,1306554245.96,1095095423.78,6088154.55,42950956.22,9.57
Q3 2023,Truist Financial,100005,1202575221.41,976006772.56,3902895.37,15561255.72,15.4
Q3 2023,PNC Financial,100006,42763352094.98,30162482128.72,162692429.38,785360647.55,11.54
Q3 2023,Goldman Sachs,100007,1164668435.42,839890663.18,4468052.78,57148839.16,12.85
Q3 2023,Morgan Stanley,100008,6074163492.62,4784300937.29,25580059.14,222759881.0,8.71
Q3 2023,TD Bank,100009,104250984618.84,80450145763.35,268916228.62,3970559379.72,15.69
Q3 2023,Capital One,100010,117266304816.26,95837392267.69,367052521.62,4517191848.08,12.02
Q3 2023,Charles Schwab,100011,40404555408.3,30739994095.87,220939197.59,904947732.99,14.31
Q3 2023,HSBC North America,100012,722029055232.07,582923554152.53,5673324784.32,33582728872.7,17.64
Q3 2023,American Express,100013,4191663759.19,3378001453.48,18304609.98,92983538.28,15.61
Q3 2023,Ally Financial,100014,43708275930.66,35415241231.42,168722825.84,1706646624.77,13.36
Q3 2023,Citizens Financial,100015,7625925774.73,6045198132.76,23360848.87,78632219.42,11.69
Q3 2023,Fifth Third Bank,100016,1044539484.4,827022203.06,2516032.25,15938224.29,11.53
Q3 2023,KeyBank,100017,32247978870.01,25292522543.27,102608829.74,1086480624.68,13.18
Q3 2023,Huntington Bancshares,100018,1378146629.58,1032111220.03,3496902.55,13275867.46,17.51
Q3 2023,Regions Financial,100019,115737818577.26,81612829910.07,416855999.78,2018498230.76,12.32
Q3 2023,M&T Bank,100020,1147429495879.19,936035458763.24,-1074222996.62,27242907187.05,15.82
Q3 2023,Discover Financial,100021,33762363872.46,26002038238.25,72511888.36,980570269.0,16.23
Q3 2023,Synchrony Financial,100022,5051680901.91,3627777097.08,10304762.56,105426072.42,13.23
Q3 2023,BMO Harris,100023,127396197810.19,90740894690.12,314808233.57,1792977231.83,11.89
Q3 2023,Northern Trust,100024,249111802557.97,204758417020.91,963985082.41,3837332859.87,10.58
Q3 2023,Comerica,100025,126716025111.24,102010522534.95,184930175.95,5054848520.54,8.81
Q3 2023,Zions Bancorporation,100026,25377763563.59,21139498792.33,98993655.9,811502967.04,14.09
Q3 2023,Webster Bank,100027,20630165078.29,15809292849.51,82130328.25,525233547.89,14.65
Q3 2023,East West Bancorp,100028,102487187903.85,78736233633.99,-203610242.93,1582019367.99,14.83
Q3 2023,Valley National Bank,100029,6974698686.61,5195670694.18,9657144.14,102012673.44,8.13
Q4 2023,JPMorgan Chase,100000,26684918455.91,20304090530.97,114166336.06,964659080.81,8.64
Q4 2023,Bank of America,100001,45206450079.83,32920560664.39,132306366.2,1481601327.05,17.11
Q4 2023,Wells Fargo,100002,307464569532.05,236677526246.32,992493685.6,5545743055.35,16.02
Q4 2023,Citibank,100003,9651411488.66,7211326143.27,35926203.43,204231228.46,13.32
Q4 2023,U.S. Bancorp,100004,1310202022.62,956464288.34,1858003.44,44618284.33,17.25
Q4 2023,Truist Financial,100005,1191499784.42,934292840.53,2522996.29,38382869.56,12.37
Q4 2023,PNC Financial,100006,41648892295.43,33770532287.56,96978462.33,524372579.53,13.13
Q4 2023,Goldman Sachs,100007,1217845116.26,1012391541.02,3247067.67,27407577.9,11.22
Q4 2023,Morgan Stanley,100008,6399755576.3,4859526821.92,11374475.11,280428958.24,16.73
Q4 2023,TD Bank,100009,105586969969.87,75707709960.07,218485367.57,1874575704.81,8.2
Q4 2023,Capital One,100010,119413443182.01,91673482280.54,466294997.03,3172314027.99,12.53
Q4 2023,Charles Schwab,100011,39908480758.52,30278643634.98,130970812.79,942076315.48,12.4
Q4 2023,HSBC North America,100012,673345845753.08,524587561400.16,2135548314.25,23298964588.22,14.92
Q4 2023,American Express,100013,4140545812.65,3291065928.79,11417422.44,59868152.35,8.84
Q4 2023,Ally Financial,100014,45833277976.06,37467047394.42,167953034.42,1504671739.06,12.57
Q4 2023,Citizens Financial,100015,7428437466.18,5774711519.13,22800564.31,188691200.14,13.77
Q4 2023,Fifth Third Bank,100016,1031471563.11,762450814.92,3398469.25,7098215.73,10.2
Q4 2023,KeyBank,100017,33742853762.7,26149897066.29,109142579.48,808093625.38,11.69
Q4 2023,Huntington Bancshares,100018,1320572202.32,1067518690.36,2902163.58,10753220.92,9.87
Q4 2023,Regions Financial,100019,119593244125.04,94833096988.13,369186545.54,1368021538.74,13.18
Q4 2023,M&T Bank,100020,1110694402158.3,931586498618.7,2860861623.81,39706834094.82,8.65
Q4 2023,Discover Financial,100021,33165921855.84,24350465482.6,96595854.76,1123532365.32,8.85
Q4 2023,Synchrony Financial,100022,4787700398.4,3938875730.35,21325903.03,29674587.75,14.96
Q4 2023,BMO Harris,100023,125436824415.47,106157993021.32,306357329.87,6112766328.55,14.71
Q4 2023,Northern Trust,100024,234618330030.81,166447720553.74,818098307.11,5936360717.85,16.61
Q4 2023,Comerica,100025,125737003524.29,92199014731.35,283712378.79,3054885867.37,12.54
Q4 2023,Zions Bancorporation,100026,25713173599.61,19227678325.47,77978179.27,1267621315.15,14.25
Q4 2023,Webster Bank,100027,19926931028.94,14880989126.99,66937222.66,526316250.31,8.93
Q4 2023,East West Bancorp,100028,102667044861.61,74658334414.46,122474035.16,1511918520.71,8.67
Q4 2023,Valley National Bank,100029,6660899042.58,5281148782.49,25801583.32,274562243.6,13.39
Q1 2024,JPMorgan Chase,100000,26646432414.07,22367529582.45,116749233.91,928413324.5,11.97
Q1 2024,Bank of America,100001,46632244448.84,36952803121.21,207196150.04,1664025900.45,15.84
Q1 2024,Wells Fargo,100002,308032623206.49,230329711105.64,929247079.42,9681821626.07,15.12
Q1 2024,Citibank,100003,10022535605.1,8474647104.81,29837513.79,350521078.17,17.36
Q1 2024,U.S. Bancorp,100004,1287291181.06,1033476974.62,3432747.97,24459013.66,17.25
Q1 2024,Truist Financial,100005,1153489085.28,819883687.25,4074788.07,40954642.66,9.34
Q1 2024,PNC Financial,100006,39947900799.16,28282052979.68,138226965.67,1461135360.17,10.43
Q1 2024,Goldman Sachs,100007,1229418519.53,998713207.07,2936293.08,43540143.94,10.91
Q1 2024,Morgan Stanley,100008,6220007433.11,5176186166.14,-27843475.91,242539360.29,13.55
Q1 2024,TD Bank,100009,104179003210.48,88437474879.0,381503326.33,3484420068.06,11.85
Q1 2024,Capital One,100010,113666096832.19,96466743356.39,453939597.44,3470897646.85,14.71
Q1 2024,Charles Schwab,100011,39063646600.15,32209180751.86,77708145.06,681475477.86,17.51
Q1 2024,HSBC North America,100012,690785769498.51,519497672337.19,1536841995.49,26252134964.24,9.98
Q1 2024,American Express,100013,4252081383.22,3493412444.22,15201339.05,124660329.33,13.74
Q1 2024,Ally Financial,100014,44948374568.35,34804103542.13,153708968.73,428621395.45,9.42
Q1 2024,Citizens Financial,100015,7408614769.95,5667155682.42,15360764.71,129289389.9,14.16
Q1 2024,Fifth Third Bank,100016,1025081547.6,781712073.55,3615378.57,28733468.27,15.0
Q1 2024,KeyBank,100017,33218228344.87,25767629695.52,89839252.3,1340420575.03,15.94
Q1 2024,Huntington Bancshares,100018,1284028455.2,1042379937.73,4243645.64,9575203.98,12.19
Q1 2024,Regions Financial,100019,119800129718.66,88973413725.85,1365029469.23,3487795151.1,8.97
Q1 2024,M&T Bank,100020,1094967251849.97,818827978402.91,-9751280547.66,29893817186.64,9.68
Q1 2024,Discover Financial,100021,33783249276.86,24953907824.67,100627403.91,993692770.46,13.39
Q1 2024,Synchrony Financial,100022,4949372791.72,3931718755.47,7548869.44,150860901.7,13.74
Q1 2024,BMO Harris,100023,122817311801.99,90704111756.45,273247430.95,3677535195.14,9.3
Q1 2024,Northern Trust,100024,236375927359.18,168463397817.05,590878755.31,10500978672.16,13.83
Q1 2024,Comerica,100025,130127663114.12,95071570324.62,552090727.25,3679766651.41,15.6
Q1 2024,Zions Bancorporation,100026,25720945996.76,19717390723.13,68053323.73,1242106522.78,12.7
Q1 2024,Webster Bank,100027,21002097036.35,15309621163.23,64303126.41,268757593.75,10.89
Q1 2024,East West Bancorp,100028,100529852885.42,74418090105.14,473068012.02,3566327846.98,14.75
Q1 2024,Valley National Bank,100029,6928339928.23,5593221337.62,30363677.65,60569808.09,17.89
Q2 2024,JPMorgan Chase,100000,25412690310.12,18886885290.47,65865161.2,195268811.41,17.86
Q2 2024,Bank of America,100001,45709318915.87,32249951155.25,189463617.13,662003809.35,13.11
Q2 2024,Wells Fargo,100002,299967679737.46,251225881485.99,638411057.85,2139820835.68,12.36
Q2 2024,Citibank,100003,10169833295.21,8068998665.19,35454200.32,308620808.63,10.87
Q2 2024,U.S. Bancorp,100004,1355538863.77,1083132152.81,1352440.33,59123825.72,11.79
Q2 2024,Truist Financial,100005,1185616714.73,993878188.66,5228211.37,45504220.35,15.46
Q2 2024,PNC Financial,100006,43095230054.89,35084695776.63,509396837.33,506807002.13,15.24
Q2 2024,Goldman Sachs,100007,1264107905.53,888713034.53,4854418.95,58508715.85,11.11
Q2 2024,Morgan Stanley,100008,6172291928.73,4334939988.81,7340169.59,222191424.39,10.19
Q2 2024,TD Bank,100009,104747612724.14,77009688857.44,375736766.62,5110222610.0,13.64
Q2 2024,Capital One,100010,114427357681.17,96546538749.77,430906942.83,5425008649.31,9.84
Q2 2024,Charles Schwab,100011,40653704039.61,32320768231.06,236648824.9,1167352022.0,10.58
Q2 2024,HSBC North America,100012,670235961138.31,504944117406.61,2828080934.79,8590241338.54,10.72
Q2 2024,American Express,100013,4289834887.41,3183542443.47,13270789.4,168754251.95,14.99
Q2 2024,Ally Financial,100014,42089790754.21,29631048134.89,119971031.47,1166600175.91,13.12
Q2 2024,Citizens Financial,100015,7645114273.89,6045345824.43,27773137.86,125728083.17,16.18
Q2 2024,Fifth Third Bank,100016,1040796177.01,734777970.7,5116077.91,16851328.92,14.32
Q2 2024,KeyBank,100017,33938620024.68,26317849055.85,120663458.62,1230830264.98,16.02
Q2 2024,Huntington Bancshares,100018,1315385751.17,1030495410.36,4064794.83,37097226.86,8.76
Q2 2024,Regions Financial,100019,121055567497.04,86571475656.45,525027491.84,4990983261.36,13.82
Q2 2024,M&T Bank,100020,1173798237238.44,987816297562.87,15160431288.08,24331531874.01,13.8
Q2 2024,Discover Financial,100021,32471780803.4,23536856988.82,76059585.33,903394418.21,16.73
Q2 2024,Synchrony Financial,100022,5051377026.2,4216847697.54,15710775.09,147647667.1,12.88
Q2 2024,BMO Harris,100023,120034575202.88,98183777168.11,513906038.13,1860159338.52,10.02
Q2 2024,Northern Trust,100024,232430030602.4,162816325533.79,801668677.29,11291841827.27,10.06
Q2 2024,Comerica,100025,132807979110.16,102352013164.94,416966087.73,1719977026.28,16.34
Q2 2024,Zions Bancorporation,100026,25155818216.67,20736775769.08,160854624.9,175524667.25,8.52
Q2 2024,Webster Bank,100027,20201502661.93,14292182066.37,72901537.38,662864236.09,14.94
Q2 2024,East West Bancorp,100028,102351207896.79,75972520642.52,343555209.8,2320293935.79,15.31
Q2 2024,Valley National Bank,100029,6743913516.32,5284556123.37,15996615.08,45495131.59,13.15
Q3 2024,JPMorgan Chase,100000,26555571502.99,19197307033.4,68932861.02,738108215.05,9.89
Q3 2024,Bank of America,100001,44518163264.5,35762789885.54,145778350.74,309991472.71,8.92
Q3 2024,Wells Fargo,100002,298571442365.1,219898152462.95,1491602406.03,2769770522.07,12.49
Q3 2024,Citibank,100003,9648669046.33,7638915164.91,20970828.47,99527711.34,9.59
Q3 2024,U.S. Bancorp,100004,1272066079.16,983958963.33,3482323.63,54964829.34,10.31
Q3 2024,Truist Financial,100005,1179438376.73,982136833.36,5443756.35,21081224.82,12.14
Q3 2024,PNC Financial,100006,40566408850.85,34334598386.42,75214210.68,1941949953.82,14.98
Q3 2024,Goldman Sachs,100007,1252687655.44,969739725.14,3757148.16,50817500.48,17.76
Q3 2024,Morgan Stanley,100008,6487955931.07,5258365343.63,16024257.04,115844769.49,11.09
Q3 2024,TD Bank,100009,100594654012.02,75910358957.42,277394862.02,4399122069.11,13.71
Q3 2024,Capital One,100010,109374771732.39,88884114967.85,122464221.1,3083598745.73,12.28
Q3 2024,Charles Schwab,100011,39198877752.66,29857934773.03,125580358.35,572333006.73,10.17
Q3 2024,HSBC North America,100012,714533653889.91,569055467073.02,1374655519.05,25921765675.39,9.98
Q3 2024,American Express,100013,4218594045.95,3524211608.21,12950003.79,65233731.94,15.61
Q3 2024,Ally Financial,100014,45666702324.58,32153732006.81,135496670.63,2031316561.59,10.78
Q3 2024,Citizens Financial,100015,7344787293.22,5680952397.08,27320853.17,284188685.19,16.32
Q3 2024,Fifth Third Bank,100016,1031216320.57,760015057.93,2937325.11,6164191.93,11.47
Q3 2024,KeyBank,100017,34616123518.29,26210404136.39,164414635.58,1120847125.85,14.94
Q3 2024,Huntington Bancshares,100018,1373643295.46,1012968372.44,4924502.49,54072840.21,8.29
Q3 2024,Regions Financial,100019,118863656429.29,100069020406.91,-670625241.06,5321587647.85,16.84
Q3 2024,M&T Bank,100020,1162191754788.76,858794257167.92,3859657167.63,7925481630.93,8.32
Q3 2024,Discover Financial,100021,32129721086.41,26335695847.78,103262706.7,1013789406.38,14.25
Q3 2024,Synchrony Financial,100022,5004845969.71,4056826894.59,12572715.01,40604712.2,12.29
Q3 2024,BMO Harris,100023,118875921988.3,88229260107.44,585898787.0,3911129578.04,11.13
Q3 2024,Northern Trust,100024,238073747512.22,202176357908.92,546788395.19,3606623928.28,14.76
Q3 2024,Comerica,100025,130617787016.22,97667606265.08,175814874.91,4310917452.4,9.41
Q3 2024,Zions Bancorporation,100026,25854556164.51,19442859090.61,105472382.18,387361420.01,13.15
Q3 2024,Webster Bank,100027,20707325991.17,17579580950.68,69567965.29,469787373.19,10.83
Q3 2024,East West Bancorp,100028,101052381283.88,83284220030.66,199706158.73,2894350995.55,9.13
Q3 2024,Valley National Bank,100029,6587256632.03,4851734642.04,12302982.49,222043084.61,17.97
Q4 2024,JPMorgan Chase,100000,25558157355.05,19327190816.45,111243531.49,370466198.92,16.36
Q4 2024,Bank of America,100001,46940920000.02,33985786231.72,219759595.48,778944088.8,8.89
Q4 2024,Wells Fargo,100002,293015495992.62,246027546687.37,1186928660.42,9190844110.43,11.71
Q4 2024,Citibank,100003,9252832293.9,7430179676.58,36693173.22,300158775.67,10.44
Q4 2024,U.S. Bancorp,100004,1271908098.97,996094382.08,2846188.85,37971400.79,13.31
Q4 2024,Truist Financial,100005,1157835218.09,974954778.58,3947930.73,56633673.46,14.18
Q4 2024,PNC Financial,100006,41760879824.5,34791978066.01,113796621.23,470737371.44,16.16
Q4 2024,Goldman Sachs,100007,1235543997.17,944299869.9,3803024.25,14128344.12,16.1
Q4 2024,Morgan Stanley,100008,6298426360.13,4986805636.78,26393775.33,50171213.07,9.13
Q4 2024,TD Bank,100009,105346864083.47,75282337491.08,355166250.14,4876444682.76,12.75
Q4 2024,Capital One,100010,108436777265.0,79822165334.41,435786430.95,3199431834.31,9.66
Q4 2024,Charles Schwab,100011,39164694195.15,28503792227.85,112742520.33,1870840254.64,10.91
Q4 2024,HSBC North America,100012,669502321596.57,477312313849.45,2083261767.64,19309730506.69,14.49
Q4 2024,American Express,100013,4202448159.34,3520256379.5,16183238.52,176770089.59,13.39
Q4 2024,Ally Financial,100014,43596195150.75,36766173926.73,119796161.86,419149755.75,13.83
Q4 2024,Citizens Financial,100015,7174474511.85,5595648408.28,28867142.62,214699863.48,16.84
Q4 2024,Fifth Third Bank,100016,1039577562.85,805615574.49,3351230.86,13760521.01,14.63
Q4 2024,KeyBank,100017,32731372541.6,23414258435.89,55917138.14,844903438.38,12.26
Q4 2024,Huntington Bancshares,100018,1350380201.42,986757214.98,5426880.6,24404248.9,14.12
Q4 2024,Regions Financial,100019,117655476057.79,93989966571.14,347549685.73,4380746405.46,8.17
Q4 2024,M&T Bank,100020,1085735605252.02,812427431840.43,4432725742.53,31615964161.35,13.29
Q4 2024,Discover Financial,100021,32172379456.28,27207646423.95,99680696.92,977275894.35,14.35
Q4 2024,Synchrony Financial,100022,4933376482.12,3652083572.84,15351875.95,140969267.31,13.34
Q4 2024,BMO Harris,100023,122996897160.1,88367064826.19,494218745.79,5657801050.21,17.66
Q4 2024,Northern Trust,100024,235171964145.38,182800288144.02,681488846.67,8033419208.68,15.73
Q4 2024,Comerica,100025,133561075531.49,98495668405.19,499003608.98,6127757144.22,13.59
Q4 2024,Zions Bancorporation,100026,25615968296.78,18381161834.34,56360862.57,992455153.29,8.81
Q4 2024,Webster Bank,100027,20256398427.16,15931429574.38,71026211.51,870016360.07,11.37
Q4 2024,East West Bancorp,100028,99672363479.51,83049786180.13,400291589.38,4933349665.6,9.64
Q4 2024,Valley National Bank,100029,7211324321.13,5487418337.13,18841419.93,188748824.3,13.73
Q1 2025,JPMorgan Chase,100000,27301309187.56,21441793993.4,-70871523.6,1229964690.96,9.92
Q1 2025,Bank of America,100001,44913570773.04,35301166416.29,116035485.95,1551532757.64,8.77
Q1 2025,Wells Fargo,100002,295008585338.17,227836262495.39,722832643.88,12927551453.92,10.27
Q1 2025,Citibank,100003,9691709578.17,7280464571.94,43500207.69,462708072.07,14.67
Q1 2025,U.S. Bancorp,100004,1315816110.52,923962075.29,5419172.65,57245215.12,8.38
Q1 2025,Truist Financial,100005,1117370523.54,823746829.64,2250439.26,49570283.25,10.66
Q1 2025,PNC Financial,100006,43371125303.02,34718408540.87,133991993.41,1039625423.76,10.62
Q1 2025,Goldman Sachs,100007,1213429798.43,919660344.79,3080966.72,8354841.34,17.61
Q1 2025,Morgan Stanley,100008,6082475165.82,4447613719.29,10382630.94,219418436.25,16.58
Q1 2025,TD Bank,100009,105394531447.77,82821326573.78,236272379.14,2238866532.22,12.65
Q1 2025,Capital One,100010,108599443792.74,89212823509.28,971766495.28,1707822005.62,8.64
Q1 2025,Charles Schwab,100011,39379672760.86,27602964009.39,136793482.19,998040866.77,16.23
Q1 2025,HSBC North America,100012,677323054810.62,474812844967.3,1672596924.39,17942141829.0,11.89
Q1 2025,American Express,100013,4003992443.82,2869052696.41,13642707.9,32995280.64,14.39
Q1 2025,Ally Financial,100014,43816340023.98,35878024238.96,88186441.8,712620760.49,9.13
Q1 2025,Citizens Financial,100015,7575529157.61,5821671312.24,15326750.41,296329112.56,15.66
Q1 2025,Fifth Third Bank,100016,1001859762.51,752617408.47,2837374.7,29733466.58,12.77
Q1 2025,KeyBank,100017,33589187320.49,25498272638.01,161620486.56,168564143.93,17.73
Q1 2025,Huntington Bancshares,100018,1360661496.98,1143606214.47,1200762.86,38009052.73,10.74
Q1 2025,Regions Financial,100019,119252784569.65,93571790560.32,553567614.69,3429543176.56,14.56
Q1 2025,M&T Bank,100020,1129418337021.78,827797202478.18,3926678955.05,25388300015.86,16.05
Q1 2025,Discover Financial,100021,35917681110.66,28772328360.26,-339193552.11,477400028.94,13.38
Q1 2025,Synchrony Financial,100022,4824385821.35,3652138354.09,9657217.51,210809857.38,16.45
Q1 2025,BMO Harris,100023,122380867136.53,99898949416.28,490978739.86,5230706307.36,9.18
Q1 2025,Northern Trust,100024,231964684075.08,165651958307.24,336380220.41,8452486189.98,11.76
Q1 2025,Comerica,100025,124548933584.77,105833526561.2,178450327.98,4253378878.0,14.03
Q1 2025,Zions Bancorporation,100026,25998043987.88,18684264979.7,94363536.68,616188125.16,17.36
Q1 2025,Webster Bank,100027,19764209917.36,15807275426.27,51532170.02,861836822.99,10.11
Q1 2025,East West Bancorp,100028,101350432522.05,72440458146.93,215587782.43,2330659430.05,16.48
Q1 2025,Valley National Bank,100029,6892366803.82,5134399792.63,25578854.99,291869857.57,13.24
Q2 2025,JPMorgan Chase,100000,26491149398.82,19659948452.39,50811099.74,415802526.35,8.04
Q2 2025,Bank of America,100001,43176988063.92,35461674393.41,125759706.66,1093909117.85,15.74
Q2 2025,Wells Fargo,100002,309097145463.82,226987811763.03,731157416.44,8774369688.75,16.78
Q2 2025,Citibank,100003,9416019035.11,7767201424.79,29582599.54,239086090.62,9.81
Q2 2025,U.S. Bancorp,100004,1264263166.93,951659650.21,5514950.79,54046754.41,11.76
Q2 2025,Truist Financial,100005,1239862061.54,1050503223.79,12652554.44,54860949.77,15.3
Q2 2025,PNC Financial,100006,41662923947.55,33646736806.15,71902344.86,1400746261.47,12.72
Q2 2025,Goldman Sachs,100007,1213213143.58,957699187.76,4006876.19,53951921.67,12.84
Q2 2025,Morgan Stanley,100008,6102516572.92,4609376118.44,9959204.97,100570204.51,9.8
Q2 2025,TD Bank,100009,100818292787.07,73637803762.21,-161092998.28,1799821074.64,12.58
Q2 2025,Capital One,100010,107385728256.06,90938720107.11,402175655.75,4090930724.19,15.58
Q2 2025,Charles Schwab,100011,39443502683.72,28441162567.25,163860660.98,456641076.8,13.84
Q2 2025,HSBC North America,100012,674581533514.37,478902224805.54,2185226085.61,32531755885.04,12.33
Q2 2025,American Express,100013,4193564490.38,3299056085.5,8447432.77,47414169.67,9.84
Q2 2025,Ally Financial,100014,47786086861.95,38666803273.33,143838906.44,850708700.57,12.71
Q2 2025,Citizens Financial,100015,7584323650.27,6214487204.19,32148232.56,133452045.69,14.1
Q2 2025,Fifth Third Bank,100016,1041848056.19,741906469.01,1649341.11,18536960.8,15.03
Q2 2025,KeyBank,100017,32769748919.04,27580102767.34,15825761.43,376935611.43,17.72
Q2 2025,Huntington Bancshares,100018,1315061388.99,1042654172.28,4143417.19,38184991.09,10.2
Q2 2025,Regions Financial,100019,126377700456.83,103286490020.91,549220716.9,2493967752.63,15.27
Q2 2025,M&T Bank,100020,1106475248035.12,774534441516.69,3362977475.27,29089284334.51,15.17
Q2 2025,Discover Financial,100021,33390873069.71,28328105282.45,119491230.88,319300319.22,12.61
Q2 2025,Synchrony Financial,100022,4771677198.82,3916019729.41,12380497.6,111474834.5,12.51
Q2 2025,BMO Harris,100023,128352126509.8,94110792644.49,399837841.46,3071932001.78,14.81
Q2 2025,Northern Trust,100024,229773987517.73,167465134368.11,783507091.63,11007073249.26,8.86
Q2 2025,Comerica,100025,130403708285.61,104226695896.45,295258681.13,2701079044.88,14.76
Q2 2025,Zions Bancorporation,100026,25248906139.29,21289663197.8,89788829.86,332391728.91,17.59
Q2 2025,Webster Bank,100027,20795140992.01,16138215662.87,88209275.91,420312425.05,12.43
Q2 2025,East West Bancorp,100028,102137253450.14,82118584517.35,429521813.14,3199651400.89,10.68
Q2 2025,Valley National Bank,100029,6977731915.9,5872625417.78,28227316.7,301543753.5,11.12
Q3 2025,JPMorgan Chase,100000,26644091343.65,20520404482.19,76850050.37,977003289.74,12.92
Q3 2025,Bank of America,100001,44527065676.55,33278734387.85,131476902.53,1872993841.33,11.32
Q3 2025,Wells Fargo,100002,315586648950.83,231420559083.41,766569399.6,4843645950.58,16.78
Q3 2025,Citibank,100003,9885874872.99,7050742586.26,38047091.83,304207845.88,12.45
Q3 2025,U.S. Bancorp,100004,1314278586.17,984333178.46,5135110.35,43599467.36,10.61
Q3 2025,Truist Financial,100005,1147986917.67,941544382.32,2655290.66,49795346.89,14.34
Q3 2025,PNC Financial,100006,43162580316.68,30676360747.87,93071954.3,787440952.81,16.8
Q3 2025,Goldman Sachs,100007,1222365346.8,906014528.82,1735777.7,50005602.07,8.56
Q3 2025,Morgan Stanley,100008,6250240055.89,4845149776.46,21665750.66,107787836.36,17.27
Q3 2025,TD Bank,100009,105514746060.56,75513573650.76,-1011076153.45,2550148739.24,9.47
Q3 2025,Capital One,100010,115393138842.47,86717095397.54,234177427.95,3724091879.45,11.56
Q3 2025,Charles Schwab,100011,38297067367.45,27693810220.47,161656572.03,501926438.87,13.3
Q3 2025,HSBC North America,100012,679153236412.44,524313759760.34,366267817.4,13677527834.86,10.94
Q3 2025,American Express,100013,3993714971.21,3379665058.14,11784963.56,87835681.21,14.92
Q3 2025,Ally Financial,100014,43844831734.66,31232728075.39,188144435.38,1246679261.57,14.45
Q3 2025,Citizens Financial,100015,7332999737.56,5597579529.4,7000648.22,284611557.22,15.92
Q3 2025,Fifth Third Bank,100016,1067249293.2,883224275.36,1970027.15,50354757.43,11.42
Q3 2025,KeyBank,100017,34431342284.61,26530029996.92,100588902.02,271494172.34,14.58
Q3 2025,Huntington Bancshares,100018,1332095230.05,1081016340.4,2611134.22,46751026.24,15.36
Q3 2025,Regions Financial,100019,122419565733.07,92399970329.13,201005805.9,2813168511.07,9.06
Q3 2025,M&T Bank,100020,1147137483656.31,837883347823.02,2159218978.94,28054445453.2,13.83
Q3 2025,Discover Financial,100021,34202082267.55,24534838367.19,151086141.44,769405563.24,15.38
Q3 2025,Synchrony Financial,100022,4935034364.82,3824829797.17,14641783.13,135991720.12,11.43
Q3 2025,BMO Harris,100023,125126015337.99,105828096333.69,294457345.33,1336132251.61,13.72
Q3 2025,Northern Trust,100024,227887226116.88,161691150149.5,961969040.84,8918943707.57,17.04
Q3 2025,Comerica,100025,134406951841.49,107127001297.26,521347086.14,4257662084.71,15.73
Q3 2025,Zions Bancorporation,100026,24247246876.3,19295054796.66,96132881.76,389331003.36,10.43
Q3 2025,Webster Bank,100027,21062558166.05,15858801305.76,55691663.07,532144463.31,17.56
Q3 2025,East West Bancorp,100028,99580781155.12,71949280391.58,198062093.19,1028330799.33,9.03
Q3 2025,Valley National Bank,100029,7024700461.9,5107833647.46,26799057.19,62106324.96,15.87
Q4 2025,JPMorgan Chase,100000,26884471017.78,20975226891.32,111612494.44,628130158.25,11.52
Q4 2025,Bank of America,100001,45448571420.79,34732134750.88,70223647.61,1223780272.22,14.92
Q4 2025,Wells Fargo,100002,306474492175.67,215655176558.69,1126640296.49,5788133530.52,11.95
Q4 2025,Citibank,100003,10272170124.85,8704066755.04,44187955.93,420960588.15,14.65
Q4 2025,U.S. Bancorp,100004,1297485703.45,944488563.47,1586805.55,41609625.21,15.61
Q4 2025,Truist Financial,100005,1209587731.05,916433924.11,3869828.13,37936573.42,9.54
Q4 2025,PNC Financial,100006,41642138405.27,33114374974.03,83850986.71,274836975.22,11.06
Q4 2025,Goldman Sachs,100007,1202098917.96,973288732.68,3655945.32,23996380.29,15.89
Q4 2025,Morgan Stanley,100008,6188129366.68,4740616536.66,21653897.16,292307179.23,10.68
Q4 2025,TD Bank,100009,106509822360.89,81912160418.19,322113816.29,1188799633.71,17.16
Q4 2025,Capital One,100010,113576734467.28,96380430004.31,275498227.32,5399602721.09,17.76
Q4 2025,Charles Schwab,100011,37577685107.96,29064876437.15,105493419.66,196169622.59,12.17
Q4 2025,HSBC North America,100012,675461851912.71,474112353091.75,2699922006.59,17587769188.59,14.01
Q4 2025,American Express,100013,3941643052.61,3233961924.45,4703081.27,130403070.74,14.48
Q4 2025,Ally Financial,100014,43574325159.25,36077279907.03,134295229.8,483475960.8,11.1
Q4 2025,Citizens Financial,100015,7477002327.86,5727698985.0,28501413.07,67433532.05,15.75
Q4 2025,Fifth Third Bank,100016,1068272803.8,839671832.67,3174104.72,50313940.19,11.19
Q4 2025,KeyBank,100017,33628897886.55,26899762883.95,33471425.83,781687795.52,8.95
Q4 2025,Huntington Bancshares,100018,1316323819.04,1104614103.41,4008637.35,16142675.36,17.03
Q4 2025,Regions Financial,100019,115388722125.75,84556034704.72,-669173234.07,4422630314.05,14.6
Q4 2025,M&T Bank,100020,1142577506035.57,950437480437.05,2166068038.01,10130890767.53,17.15
Q4 2025,Discover Financial,100021,32719999743.82,27001008184.87,135695456.48,1117531727.18,15.99
Q4 2025,Synchrony Financial,100022,4869480442.63,4048497601.63,15033368.42,44175561.4,10.45
Q4 2025,BMO Harris,100023,122233202108.19,88878089582.76,279927850.18,5920095636.38,12.33
Q4 2025,Northern Trust,100024,235325393481.33,174721311182.5,716100721.08,1900537244.79,16.55
Q4 2025,Comerica,100025,131988081536.3,104691062763.81,402734793.33,3377165835.0,15.72
Q4 2025,Zions Bancorporation,100026,25377371819.76,18860933779.04,85809894.49,452088592.64,14.63
Q4 2025,Webster Bank,100027,20106678592.67,14333381731.83,-187676946.99,296242651.6,17.36
Q4 2025,East West Bancorp,100028,102169702226.88,72569046912.86,304036749.35,4201911009.31,15.17
Q4 2025,Valley National Bank,100029,6797321280.59,5696398161.62,15106919.29,61041046.36,14.63
